NF_target_dBFS,NF_measured_dBFS,FX16_noise_std_LSB,FX16_FN_pct,FX16_FP_pct,DRHE_fixed,DRHE_RLE,DRHE_noRLE,LPC_FFT,LPC_FFT_ideal,NoPred,NoPred_RLE,LPC_raw
-140,-117.252,0.0000,92.843,21.857,3.9244,82.0107,14.5903,3.8333,12.7786,3.6701,37.4882,1.8037
-135,-116.271,0.0000,93.598,19.426,3.9245,81.4039,14.5866,3.8333,12.7763,3.6701,37.4635,1.8030
-130,-114.926,0.0000,94.947,13.298,3.9244,80.3970,14.5773,3.8334,12.7717,3.6701,37.4063,1.8024
-125,-115.397,0.0000,92.063,26.455,3.9244,78.0350,14.5566,3.8334,12.7613,3.6701,37.3210,1.8018
-120,-139.134,0.0040,63.636,1057.576,3.9244,74.7896,14.5232,3.8334,12.7391,3.6701,37.0764,1.8009
-115,-119.256,0.1193,53.846,1030.769,3.9244,48.6367,14.0718,3.8334,12.3648,3.6701,29.0070,1.7988
-110,-108.874,0.4092,0.000,0.000,3.9242,12.9257,10.0293,3.8334,10.0525,3.6701,13.2837,1.7940
-105,-104.201,0.7051,0.000,0.000,3.9242,7.0958,6.6002,3.8334,7.3999,3.6701,8.2770,1.7813
-100,-99.735,1.1800,0.000,0.000,3.9007,5.3829,5.1637,3.8309,5.7008,3.6682,5.8361,1.7469
-95,-94.914,2.0554,0.000,0.000,3.7243,4.2264,4.1338,3.7555,4.4956,3.6006,4.4819,1.6753
-90,-89.975,3.6301,0.000,0.000,3.4049,3.4659,3.4286,3.5196,3.7105,3.3876,3.6511,1.5868
-85,-84.993,6.4417,0.000,0.000,2.9242,2.9565,2.9437,3.1572,3.1582,3.0576,3.0962,1.4880
-80,-79.999,11.4472,0.000,0.000,2.3079,2.5779,2.5741,2.6013,2.7230,2.5407,2.6727,1.3993
-75,-75.002,20.3508,0.000,0.000,1.8450,2.2815,2.2804,2.0625,2.3893,2.0300,2.3529,1.3237
-70,-70.005,36.1740,0.000,0.000,1.5359,2.0403,2.0399,1.6857,2.1312,1.6686,2.1030,1.2572
-65,-65.019,64.2231,0.000,0.000,1.3200,1.8408,1.8406,1.4278,1.9270,1.4189,1.9062,1.2006
-60,-60.108,113.0271,0.000,0.000,1.1617,1.6859,1.6857,1.2437,1.7605,1.2395,1.7469,1.1457
