NF_target_dBFS,FX16_noise_std_LSB,DRHE_fixed,DRHE_RLE,LPC_FFT,NoPred,DRHE_noRLE
-120,0.5313,3.8974,8.9478,3.7528,3.5771,7.8635
-115,0.8656,3.8952,6.2508,3.7528,3.5766,5.8994
-110,1.4761,3.8231,4.8121,3.7384,3.5636,4.6933
-105,2.5889,3.5836,3.8627,3.6048,3.4426,3.8225
-100,4.5831,3.2228,3.2488,3.3321,3.1940,3.2348
-95,8.1382,2.6542,2.7785,2.9142,2.8093,2.7724
-90,14.4654,2.0893,2.4295,2.3460,2.2800,2.4275
-85,25.7199,1.7005,2.1622,1.8818,1.8418,2.1619
-80,45.7345,1.4368,1.9502,1.5637,1.5391,1.9501
-75,81.3225,1.2469,1.7750,1.3405,1.3250,1.7749
-70,144.5632,1.1027,1.6254,1.1754,1.1656,1.6252
-65,256.6610,0.9895,1.4964,1.0478,1.0417,1.4964
-60,451.7075,0.8989,1.3927,0.9469,0.9435,1.3926
